Workbook

Sheet CHE
B3: Complexo Hospitalar dos Estivadores
B4: SOLICITAÇÃO DE PAGAMENTO | J4: =TODAY() -> 46267
B6: Fornecedor | G6: Contrato/Termo Aditivo ou Ordem de Compra Nº
B7: Telefônica Brasil S.A.
B8: Nº Nota Fiscal / Documento | D8: Vencimento | E8: Valor Bruto da Nota Fiscal | H8: Valor Líquido da Nota Fiscal
B9: 686186 | D9: 46266 | E9: 263.17 | H9: =E9 -> 263.17
B10: Centro de Custo
B11: Anexo
B12: Rateio
B17: Pagamento Destinado à
B18: Conta telefônica do terminal 13 3228-3000.
B21: Dados Pagamentos
B22: Boleto (X) Sim | D22: ( ) Não - Preencher os dados bancários
B23: CNPJ ou CPF | D23: Conta corrente | F23: Agência | H23: Banco
B25: TERMO DE RECEBIMENTO DE MATERIAIS, EQUIPAMENTOS E SERVIÇOS Atestamos o recebimento e ou Prestação de Serviços, de acordo com as INSTRUÇÕES Nº 01/2024 - (SEI nº 7766/2020-77) Artigo 108 - Os órgãos e entidades deverão comunicar o término das obras, serviços e/ou fornecimentos, decorrentes dos contratos ou atos jurídicos análogos em exame neste Tribunal, nos termos do art. 73 da Lei Federal nº 8.666/93, ou do art. 140 da Lei Federal nº 14.133/2021, por meio dos seguintes documentos, quando for o caso: I - termo circunstanciado de recebimento definitivo, com indicação expressa da existência ou não de pendências, reajustamentos ou acertos de qualquer natureza; VI - declaração da autoridade pública responsável pelas obras, serviços e/ou fornecimentos, contendo informações sobre: c) manifestação sobre a quantidade, qualidade, periodicidade, conformidade e perfeição das obras, serviços e/ou fornecimentos executados; e d) na hipótese de não restarem quaisquer pendências, reajustamentos ou acertos de qualquer natureza, indicação expressa de que o contrato ou ato jurídico análogo foi integralmente cumprido.
B28: Assinatura e Carimbo Responsável pelo Recebimento e Preenchimento | E28: Assinatura e Carimbo do Gestor da Área | L28: Carimbo e Assinatura da Diretoria da Unidade
B30: Campo para Preenchimento do Gestor do Contrato (X) Não se aplica | L30: Carimbo e Assinatura
B31: Mês de Competência do Serviço Prestado: | D31: 46235
B33: Valor Faturado é Igual ao Contratado? ( ) Sim ( ) Não
B34: Contrato e/ou Termo Aditivo Vigente? ( ) Sim ( ) Não
B35: _________________________________________________________________________________
B36: _________________________________________________________________________________
B41: Campo para Preenchimento Financeiro - Matriz | L41: Carimbo e Assinatura

Sheet Rateio
A1: RATEIO DE CENTROS DE CUSTOS
A6: Fornecedor: | B6: =CHE!B7 -> Telefônica Brasil S.A.
A7: Nº. NF: | B7: =CHE!B9 -> 686186 | D7: Emissão: | E7: 46232 | G7: Valor: | H7: =CHE!H9 -> 263.17
A8: Período: | B8: =CHE!D31 -> 46235 | J8: Valor: | K8: =CHE!H9 -> 263.17
A10: Cód. | B10: Setor | H10: Valor: | L10: QTD
A11: 202071 | B11: Agência Transfusional | H11: =(K$8/L$67)*L11 -> 2.3085088 | L11: 1
A12: 202031 | B12: Almoxarifado | H12: =(K$8/L$67)*L12 -> 2.3085088 | L12: 1
A13: 202057 | B13: Alojamento Conjunto - 3º andar | H13: =(K$8/L$67)*L13 -> 6.9255263 | L13: 3
A14: 202058 | B14: Alojamento Conjunto - 4º andar | H14: =(K$8/L$67)*L14 -> 2.3085088 | L14: 1
A15: 202080 | B15: Ambulatório Médico | H15: =(K$8/L$67)*L15 -> 6.9255263 | L15: 3
A16: 202061 | B16: Centro Cirúrgico | H16: =(K$8/L$67)*L16 -> 4.6170175 | L16: 2
A17: 202062 | B17: Centro Obstétrico | H17: =(K$8/L$67)*L17 -> 2.3085088 | L17: 1
A18: 202125 | B18: Clínica Cirúrgica | H18: =(K$8/L$67)*L18 -> 2.3085088 | L18: 1
A19: 202021 | B19: CME - Central de Materiais Esterilizados | H19: =(K$8/L$67)*L19 -> 2.3085088 | L19: 1
A20: 202004 | B20: Diretoria Geral | H20: =(K$8/L$67)*L20 -> 11.542544 | L20: 5
A21: 202066 | B21: EDA/ Colono/ Bronco | H21: =(K$8/L$67)*L21 -> 2.3085088 | L21: 1
A22: 202008 | B22: Educação Continuada | H22: =(K$8/L$67)*L22 -> 2.3085088 | L22: 1
... A66: 202060 | B66: UTI Neonatal | H66: =(K$8/L$67)*L66 -> 6.9255263 | L66: 3
I67: =SUM(H11:I66) -> 263.17 | L67: =SUM(L11:L66) -> 114
A69: Elaborado por: | B69: Alexandre Siqueira Souza Costa | G69: Data: | H69: =TODAY() -> 46267
